Year,Month,asin,brand,pageResult,Price,Mrp,title
2024,June,B0BDZWMGZ1,ACTIVA,1,1249,2990,"ACTIVA Easy Mix Nutri 2 Jar Mixer Grinder Powerful 500 Watt Motor | Long Lasting Shock Proof Abs Body | Heavy Duty Motor With Nano - Grinding Technology, Black come with 2 year warranty"
2024,June,B0BG4Y2ZY7,ACTIVA,2,2499,7990,"ACTIVA Megamix 1000 W Powerful Motor Mixer Grinder With 4 Jars | 2 Years Motor Warranty, Red"
2024,June,B0977C69CB,AGARO,2,4999,12995,"AGARO Grand Professional Blender/Grinder/Mixer, 2000 watts, 2 Litres BPA Free Jar, Commercial heavy duty blender, High Power & Speed Blender, 100% Copper Motor, Pulse Function, 8 Leaf SS Blade"
2024,June,B0CQJZKZ71,AGARO,3,5869,8999,"AGARO Royal Mixer Grinder 900W, Heavy Duty, 100% Pure Copper Motor, 3 Stainless Steel Jar, 3 Speed, Whip Function, Stainless Steel Blades,Wet & Dry Grinding, White"
2024,June,B0D3Q791KQ,almo,2,1290,3299,Almo Blend Master Treo Mixer Grinder Powerful Motor with 1 Year warranty (White & Gray) (3 Jar)
2024,June,B0BBSGXRZP,amazon basics,3,4599,9299,"amazon basics Mixer Grinder 750W Black, 4 Jars With Food Processor Jar And Flexi Lid, 750 Watt"
2024,June,B0CHDYNXJD,AMPLESTA,3,2899,5999,"Amplesta Powerful 900W Mixer Grinder Copper Motor (5 year Warranty), Stainless Steel Jars, ISI Marked, 3 Speeds Pulse Function, Shockproof ABS Body, Overload Protector, Mixer for Home"
2024,June,B0755JMLFV,AO Smith,3,25199,32500,AO Smith Z9 Hot+ normal RO |Baby-Safe Water |Hot Water |10 L Storage|8-Stage Purification |100%RO+SCMT (Silver Charged Membrane Tech.)|Wall mount Water Purifier
2024,September,B0DCK453V1,AO Smith,2,23999,32990,AO Smith Z9 Pro Black Instant Hot and Ambient Water RO+SCMT+Copper+Alkaline+Mintech | Hot Water in Stainless Steel Tank| Save upto 55% Water |10L Storage |8-Stage Purification| Water Purifier for Home
2024,September,B0CZDJM86H,AO Smith,3,23999,32990,AO Smith Z9 Pro Instant Hot and Ambient Water RO+SCMT+Copper+Alkaline+Mintech | Hot Water in Stainless Steel Tank | Save upto 55% Water | 10L Storage | 8-Stage Purification | Water Purifier for Home
2024,August,B0CZDJM86H,AO Smith,2,25199,32990,AO Smith Z9 Pro Instant Hot and Ambient Water RO+SCMT+Copper+Alkaline+Mintech |Hot Water in Stainless Steel Tank|Save upto 55% Water|10L Storage|8-Stage Purification| Water Purifier for Home|Baby Safe
2024,June,B0BJ6P3LSK,AQUA D PURE,1,4849,24999,"AQUA D PURE 4 in 1 Copper RO Water Purifier with 10 Stage Purification Filtration, UV, UF, TDS Adjuster and 12 Liter Large Storage Tank, Suitable for all type of water supply"
2024,August,B0BJ6P3LSK,AQUA D PURE,1,4701,25999,"AQUA D PURE 4 in 1 Copper RO Water Purifier with 10 Stage Purification Filtration, UV, UF, TDS Adjuster and 12 Liter Large Storage Tank, Suitable for all type of water supply"
2024,August,B0BJ6P3LSK,AQUA D PURE,3,4701,25999,"AQUA D PURE 4 in 1 Copper RO Water Purifier with 10 Stage Purification Filtration, UV, UF, TDS Adjuster and 12 Liter Large Storage Tank, Suitable for all type of water supply"
2024,September,B0BJ6P3LSK,AQUA D PURE,1,4701,25999,"AQUA D PURE 4 in 1 Copper RO Water Purifier with 10 Stage Purification Filtration, UV, UF, TDS Adjuster and 12 Liter Large Storage Tank, Suitable for all type of water supply"
2024,September,B0BJ6P3LSK,AQUA D PURE,3,4701,25999,"AQUA D PURE 4 in 1 Copper RO Water Purifier with 10 Stage Purification Filtration, UV, UF, TDS Adjuster and 12 Liter Large Storage Tank, Suitable for all type of water supply"
2024,September,B0CBVG9N6B,AQUA D PURE,3,4949,24999,"AQUA D PURE Copper + Alkaline RO Water Purifier 12L RO+UV+UF Copper+Bio-Alkaline +TDS Control+UV Purified Water, Suitable for all type of water supply 12 Liter"
2024,June,B0BLLJDJ1Q,AQUA D PURE,2,4949,24999,AQUA D PURE Copper + Mineral RO+UV+UF 10 to 12 Liter RO + UV + TDS ADJUSTER Water Purifier with Copper Charge Technology black & copper Best For Home and Office
2024,June,B0BRSCXD4H,AQUA FORTIFY,3,4690,18400,AQUA FORTIFY Chic Water Purifier | Active Copper+ Advanced RO+ UV+ UF +TDS Controller | 15L | Compatible For Home And Office (Zink+Copper+Alkline)
2024,June,B0CYH9M2K4,AQUA FORTIFY,2,3950,18400,AQUA FORTIFY Cynosure Water Purifier | Active Copper+ RO+ UV+ UF+ TDS Controller | Copper + RO Water Purifier | 15L | Compatible (active Copper)
2024,June,B0CYLBDD8G,RUIQUAN,1,3999,16999,AQUA Fresh RO Water Purifier 12L RO+UF+UV+ Copper+Bio-Alkaline +TDS Control+Sediment+ Membrane 7 Stage Purified Water with Goodness of Copper and Alkaline RO Water Purifier (tpt white) #Justforyou
2024,June,B0CYLBDD8G,RUIQUAN,3,3999,16999,AQUA Fresh RO Water Purifier 12L RO+UF+UV+ Copper+Bio-Alkaline +TDS Control+Sediment+ Membrane 7 Stage Purified Water with Goodness of Copper and Alkaline RO Water Purifier (tpt white) #Justforyou
2024,June,B0CCPGDT38,AQUA FRISCH,3,4299,15000,"Aqua Frisch Storm Alkaline Ro with ORP & Copper Infuser Technology With RO,UF & TDS Adjuster With Pre Filter 12L | 9 Stage Purification | Suitable for all type water supply with TDS upto 2000 ppm"
2024,June,B0CZDT46LG,Cubex,1,3330,9999,"Aqua Grand 12 litre Mineral RO Water Purifier Technology with UV, UF, TDS Adjuster Filter Wall mounted or Counter top installation for Home | Suitable for all type water supply"
2024,August,B0CM147MWZ,Generic,1,4999,19500,Aqua Grand Plus RO + UF + UV + TDS Control 12 Litre Water Purifier with include free Pre filter
2024,June,B0D3YN2H8F,Generic,1,4850,25999,"Aqua Grand Plus RO Domestic Water Purifier (RO+ LED UV+ ORC COPPER+ HIGH TDS MEMBRANE+ TDS CONTROL) Best For Home/Office Purpose, Automatic | 20 LPH | 12 Liter Storage (Aqua Grand Plus)"
2024,August,B0DBV6HG6V,Generic,1,4999,25999,"Aqua Grand Plus RO Domestic Water Purifier (RO+ LED UV+ ORC COPPER+ HIGH TDS MEMBRANE+ TDS CONTROL) Fully Automatic, Best For Home/Office Purpose | 20 LPH | 12 Liter Storage"
2024,September,B0DBV6HG6V,Generic,1,4999,25999,"Aqua Grand Plus RO Domestic Water Purifier (RO+ LED UV+ ORC COPPER+ HIGH TDS MEMBRANE+ TDS CONTROL) Fully Automatic, Best For Home/Office Purpose | 20 LPH | 12 Liter Storage"
2024,June,B0CZS1NPD1,COPPER PLUS RO,2,3225,9999,Aqua Grand Ro water Purifier with Fully Automatic Function RO + UF + UV + UV_LED + TDS Control 12L Water Purifier and Best For Home and Office||Hospital||CR-01
2024,June,B0CVQG6PPD,AQUA LIBRA WITH DEVICE,2,5899,14999,AQUA LIBRA ISI Mark Black Color Water Purifier with RO+COPPER+UV Plus TDS Adjuster for Home For Kitchen
2024,September,B0D9W3151L,Generic,1,4099,15499,"Aqua Natural Automatic RO Water Purifier with UV, UF and TDS Controller with Complete Pre Filter Set, RO+UV+UF+TDS Adjuster water filter purifiers for Home & Kitchen - 12 liters"
2024,August,B0CV7XXWV7,COPPER PLUS RO,2,3299,14999,Aqua Nature Aqua Grand Plus Domestic Water Purifier RO 12Liter(RO+ LED UV+ COPPER WITH ALKALINE+ HIGH TDS MEMBRANE+ TDS CONTROLLER)||20LPH Output||use in class room For Home And Office||
2024,September,B0CV7XXWV7,COPPER PLUS RO,2,3295,6999,Aqua Nature Aqua Grand Plus Domestic Water Purifier RO 12Liter(RO+ LED UV+ COPPER WITH ALKALINE+ HIGH TDS MEMBRANE+ TDS CONTROLLER)||20LPH Output||use in class room For Home And Office||
2024,June,B0D3H2V1B6,Aqua Rhyme,2,3999,286,Aqua Rhyme Ro Water Purifier for Home Drinking 7 Stage Purification (Active Carbon + UV + Mineral + Alkaline + Copper Filter) with Grand Storage Tank 12 Litre (1 Year Warranty)
2024,August,B0DB8S68VM,Aqua Aviva,3,3699,12999,Aqua Ro Copper +Alkaline RO Water Purifier with RO+UV+UF+TDS Adjuster 12L | 8 Stage Purification | Suitable for all type water supply
2024,September,B0DB8S68VM,Aqua Aviva,2,3699,12999,Aqua Ro Copper +Alkaline RO Water Purifier with RO+UV+UF+TDS Adjuster 12L | 8 Stage Purification | Suitable for all type water supply
2024,June,B0CVBNGK45,COPPER PLUS RO,1,3350,12999,Aqua RO Royal Grand Plus Water Purifier 12-Liter (RO+ LED UV+ COPPER WITH ALKALINE+ HIGH TDS MEMBRANE+ TDS CONTROLLER)|| 20LPH OUTPUT||use in class room For Home And Office||NW-RO-01
2024,September,B0DCNRKVMT,Aqua Aviva,1,3799,11999,"Aqua RO Water Purifier + RO + UF + UV + TDS Controller|| Copper + Alkaline Purifier || 12 Leter Water Purifier for Home & Kitchen, Schools, Hospital"
2024,September,B0DF96JGRJ,AquaDart,2,4999,19999,AquaDart Copper + Mineral RO+UV+UF 12 Liter RO + UV + TDS ADJUSTER Water Purifier With Copper Charge Technology Black & Copper Best For Home and Office (Made In India)
2024,June,B096NTB9XT,Aquaguard,2,29998,49000,"Aquaguard Aura RO+UV+UF+Taste Adjuster(MTDS) with Active Copper & Zinc 7L water purifier,8 stages of purification,suitable for borewell,tanker,municipal water(Black) from Eureka Forbes"
2024,August,B096NTB9XT,Aquaguard,1,14999,24500,"Aquaguard Aura RO+UV+UF+Taste Adjuster(MTDS) with Active Copper & Zinc 7L water purifier,8 stages of purification,suitable for borewell,tanker,municipal water(Black) from Eureka Forbes"
2024,September,B096NTB9XT,Aquaguard,1,14999,24500,"Aquaguard Aura RO+UV+UF+Taste Adjuster(MTDS) with Active Copper & Zinc 7L water purifier,8 stages of purification,suitable for borewell,tanker,municipal water(Black) from Eureka Forbes"
2024,September,B0CS2YPF7Y,Aquaguard,3,26999,37000,"Aquaguard Blaze Insta Hot & Ambient 9-Stage RO, Dual Stainless Steel Tank Water Purifier | RO+UV+Active Copper Tech | Taste Adjuster | Upto 60% Water Savings | Suitable for all Water Sources"
2024,August,B0C543QN5L,Eureka Forbes,2,20990,38000,"Aquaguard Blaze Slim Hot & Ambient RO+UV+Active Copper Tech, Stainless Steel Tank Water Purifier | Taste Adjuster | Upto 60% Water Savings | Suitable for Borewell, Tanker & Municipal Water"
2024,September,B0C543QN5L,Eureka Forbes,3,19999,38000,"Aquaguard Blaze Slim Hot & Ambient RO+UV+Active Copper Tech, Stainless Steel Tank Water Purifier | Taste Adjuster | Upto 60% Water Savings | Suitable for Borewell, Tanker & Municipal Water"
2024,September,B0D26DQJZ4,Aquaguard,2,8499,9099,"Aquaguard Champ RO+UV Water Purifier | Free Service Plan Worth ?2000 | Suitable for Borewell, Tanker & Municipal Water | 30x Impurity Removal vs Local Purifiers"
2024,August,B0CW5YZ6VV,Aquaguard,1,12499,22000,"Aquaguard Delight NXT Aquasaver 9-Stage Water Purifier | Upto 60% Water Savings | RO+UV+UF+MC Tech | Taste Adjuster | Suitable for Borewell, Tanker & Municipal Water | India’s #1 Water Purifier"
2024,June,B0CW62435R,Aquaguard,3,6999,13000,"Aquaguard Delight NXT Lite RO+MC Water Purifier | Free Service Plan worth ?2000 | India’s #1 Water Purifier | Suitable for Borewell, Tanker & Municipal Water | 30x Impurity Removal vs Local Purifiers"
2024,August,B0CW62435R,Aquaguard,2,7199,13000,"Aquaguard Delight NXT Lite RO+MC Water Purifier | Free Service Plan worth ?2000 | India’s #1 Water Purifier | Suitable for Borewell, Tanker & Municipal Water | 30x Impurity Removal vs Local Purifiers"
2024,June,B09NKS8Q2V,Aquaguard,1,13399,22000,"Aquaguard Marvel NXT 10-Stage Active Copper Tech Water Purifier | Up to 60% Water Savings | RO+UV+UF+Active Copper Tech | Taste Adjuster | Suitable for Tanker, Borewell & Municipal Water"
2024,August,B09NKS8Q2V,Aquaguard,1,13699,22000,"Aquaguard Marvel NXT 10-Stage Active Copper Tech Water Purifier | Up to 60% Water Savings | RO+UV+UF+Active Copper Tech | Taste Adjuster | Suitable for Tanker, Borewell & Municipal Water"
2024,August,B09NKS8Q2V,Aquaguard,2,13699,22000,"Aquaguard Marvel NXT 10-Stage Active Copper Tech Water Purifier | Up to 60% Water Savings | RO+UV+UF+Active Copper Tech | Taste Adjuster | Suitable for Tanker, Borewell & Municipal Water"
2024,September,B09NKS8Q2V,Aquaguard,2,13699,22000,"Aquaguard Marvel NXT 10-Stage Active Copper Tech Water Purifier | Up to 60% Water Savings | RO+UV+UF+Active Copper Tech | Taste Adjuster | Suitable for Tanker, Borewell & Municipal Water"
2024,June,B0CJJ387M6,Aquaguard,2,13799,24000,"Aquaguard Marvel NXT 8-Stage Alkaline Tech Water Purifier | Up to 60% Water Savings | RO+UV+Alkaline Boost Tech | Taste Adjuster | Suitable for Tanker, Borewell & Municipal Water"
2024,August,B0CJJ387M6,Aquaguard,2,13699,24000,"Aquaguard Marvel NXT 8-Stage Alkaline Tech Water Purifier | Up to 60% Water Savings | RO+UV+Alkaline Boost Tech | Taste Adjuster | Suitable for Tanker, Borewell & Municipal Water"
2024,June,B0CJTXNYVN,Aquaguard,2,12399,22000,"Aquaguard Marvel NXT 8-Stage UV+UF+Active Copper, Stainless Steel Tank Water Purifier | Suitable for Municipal Water (TDS <200 ppm) | Not Suitable for Borewell/Tanker Water (TDS >200 ppm)"
2024,August,B09YXKRP17,Aquaguard,1,16999,27000,"Aquaguard Ritz Stainless Steel Tank, 9-Stage RO+UV+Active Copper Tech Water Purifier | Up to 60% Water Savings | Taste Adjuster | Suitable for Tanker, Borewell & Municipal Water"
2024,August,B09YXKRP17,Aquaguard,3,16999,27000,"Aquaguard Ritz Stainless Steel Tank, 9-Stage RO+UV+Active Copper Tech Water Purifier | Up to 60% Water Savings | Taste Adjuster | Suitable for Tanker, Borewell & Municipal Water"
2024,June,B0CZTYJ9KX,Aquaguard,1,26999,37000,Aquaguard Slim Glass 9-Stage RO+UV Water Purifier | Toughened Glass Exterior (1st time ever) | Input & Output TDS Indicator | Slimmest RO Purifier | Active Copper Tech | Suitable for all Water Sources
2024,June,B0CRZ6MGXX,Aquaguard,3,18990,26500,"Aquaguard Slim Glass UV Storage Water Purifier | Instant with 2.5L Capacity | Water Quality Indication | Active Copper Tech | Suitable for Municipal Water, Not Suitable for Borewell/Tanker Water"
2024,June,B09YLWT89W,Aquaguard,1,17998,36000,"Aquaguard Sure Delight NXT 6-Stage Water Purifier | RO+UV+UF Tech | Free Service Plan worth ?2000 | India’s #1 Water Purifier | Suitable for Borewell, Tanker & Municipal Water"
2024,August,B09YLWT89W,Aquaguard,1,7499,18000,"Aquaguard Sure Delight NXT 6-Stage Water Purifier | RO+UV+UF Tech | Free Service Plan worth ?2000 | India’s #1 Water Purifier | Suitable for Borewell, Tanker & Municipal Water"
2024,September,B09YLWT89W,Aquaguard,1,8999,18000,"Aquaguard Sure Delight NXT 6-Stage Water Purifier | RO+UV+UF Tech | Free Service Plan worth ?2000 | India’s #1 Water Purifier | Suitable for Borewell, Tanker & Municipal Water"
2024,June,B09TB2YC13,Aquaguard,2,7999,14000,"Aquaguard Sure Delight NXT RO+UV Water Purifier | Free Service Plan worth ?2000 | India’s #1 Water Purifier | Suitable for Borewell, Tanker & Municipal Water | 30x Impurity Removal vs Local Purifiers"
2024,June,B09VS25ZX7,Aquaguard,3,7499,11500,Aquaguard Sure Delight NXT UV+UF Water Purifier | Suitable for Municipal Water Only (TDS <200 ppm) | Not Suitable for Borewell/Tanker Water (TDS >200 ppm) | Free Service Plan worth ?2000
2024,June,B09SFCSCVY,AQUAULTRA,1,3990,13500,AQUAULTRA Aqua Ultra Dolphin 5 Stage Purification 9 Liter Ro + Active Copper + B12 Alkaline Water Purifier Filter For Home Office White And Blue AQUAULTRA Aqua Ultra Dolphin 5 Stage Purification 9 Liter Ro + Active Copper + B12 Alkaline Water Purifier Filter For Home Office White And Blue
2024,August,B09SFCSCVY,AQUAULTRA,2,3990,13500,AQUAULTRA Dolphin 5 Stage Purification 9 Liter Ro + Active Copper + B12 Alkaline Water Purifier Filter For Home Office White And Blue
2024,September,B09SFCSCVY,AQUAULTRA,1,3991,13500,AQUAULTRA Dolphin 5 Stage Purification 9 Liter Ro + Active Copper + B12 Alkaline Water Purifier Filter For Home Office White And Blue
2024,August,B0C4TYTK78,AQUAULTRA,3,2999,13500,"AQUAULTRA Uv+Uf Electrical Water Purifier With 13L Storage For Municipal Corporation, With Goodness Of Copper(Not Suitable For Borewell Or Tanker Water) 35/40 Liter/Hour Purification Capacity"
2024,September,B0C4TYTK78,AQUAULTRA,3,2999,13500,"AQUAULTRA Uv+Uf Electrical Water Purifier With 13L Storage For Municipal Corporation, With Goodness Of Copper(Not Suitable For Borewell Or Tanker Water) 35/40 Liter/Hour Purification Capacity"
2024,June,B0D31WF77M,ARDAKI,3,549,1499,ARDAKI Grinder Machine for Kitchen Mixer Grinder Multi Functional Coffee Herbs Spices Nuts Grain Seasonings Spices Mill Powder Machine Stainless Steel Mixie for Kitchen | Small Home Appliance
2024,June,B0BB3SDD7J,Bajaj,1,1979,4125,Bajaj GX-1 Mixer Grinder 500W|Superior Mixie For Kitchen|2-in-1 for Dry Grinding| Blade Function With Titan Motor|3 Stainless Steel Mixer Jars|1 Year Product Warranty By Bajaj|Black
2024,June,B09MFR93KS,Bajaj,3,3149,5999,Bajaj Rex DLX Mixer Grinder 750W |Mixie For Kitchen With Nutri-Pro Feature|4 Stainless Steel Mixer Jars|Multifunctional Blade| Dry & Wet Grinding| Overload Protector|1-Yr Warranty By Bajaj|White/Blue
2024,June,B0CFDSRQVT,Bajaj,2,2199,3550,Bajaj Rex Mixer Grinder 500W|Mixie For Kitchen With Nutri-Pro Features|3 SS Mixer Jars For Heavy Duty Grinding|Adjustable Speed Control|Multifunctional Blade System|2 Year Warranty By Bajaj|Purple
2024,June,B08G8H8DPL,Bajaj,2,3249,6375,Bajaj Rex Mixer Grinder 750W|3 Mixer Jars|Mixie for Kitchen with Nutri-Pro Feature|Titan Motor-Heavy Duty Grinding|Adjustable Speed Control|Multifunctional Blade System|1 Yr Warranty By Bajaj|White
2024,August,B09KBVNTQD,Blue Star,2,8499,14900,"Blue Star Cresto 7 L RO + UV + UF Water Purifier, Black, CR5BLAM01"
2024,June,B07WYX6P2V,Blue Star,2,10998,21900,"Blue Star Opulus 8 L RO+UV+UF+IBT Alkaline Water Purifier, Black"
2024,September,B07WYX6P2V,Blue Star,3,9999,1667,"Blue Star Opulus 8 L RO+UV+UF+IBT Alkaline Water Purifier, Black"
2024,June,B07NW2S7N1,Bosch,2,5299,9099,"Bosch Appliances TrueMixx Pro Mixer Grinder MGM8642BIN, 750W, 4 Jars, (Black)"
2024,June,B08HP4SD1R,Bosch,2,5199,8320,"Bosch Bold 750Watt Mixer Grinder, Black"
2024,June,B07MKMFKPG,Bosch,1,6399,10590,"Bosch TrueMixx Pro Mixer Grinder, 1000W 4 Jars Black MGM8842MIN"
2024,June,B07TXCY3YK,Butterfly,1,1999,3899,"Butterfly Hero Mixer Grinder, 500W, 3 Jars (Grey)"
2024,June,B07DGD4Z4C,Butterfly,1,3299,5795,"Butterfly Jet Elite Mixer Grinder, 750W, 4 Jars (Grey)"
2024,June,B075JJ5NQC,Butterfly,1,3099,5069,"Butterfly Smart Mixer Grinder, 750W, 4 Jars (Grey)"
2024,June,B097XJQZ8H,COOKWELL,1,2476,6000,"Cookwell Bullet Mixer Grinder (5 Jar, 3 Blade, Silver)"
2024,June,B099ZW6M8L,Crompton,1,5998,14200,"Crompton Ameo 750-Watt Mixer Grinder with MaxiGrind and Motor Vent-X Technology (3 Stainless Steel Jars and 1 Juicer Jar, Black & Green) (AMEO-4JARS)"
2024,June,B07XR2NXM6,Crompton,3,2748,4200,"Crompton Ameo 750-Watt Mixer Grinder with MaxiGrind and Motor Vent-X Technology (3 Stainless Steel Jars, Black & Green)"
2024,September,B08GSQXLJ2,Crompton,2,6299,10400,"Crompton Arno Neo 15-L 5 Star Rated Storage Water Heater (Geyser) with Advanced 3 Level Safety, National Energy Conservation Award Winner 2023"
2024,September,B08GSQNR61,Crompton,1,6999,9500,"Crompton Arno Neo 25-L 5 Star Rated Storage Water Heater (Geyser) with Advanced 3 Level Safety, National Energy Conservation Award Winner 2023"
2024,June,B0C7LKSPKY,Crompton,1,3598,7000,"Crompton DS 500 BLK 500-Watt Mixer Grinder with Powertron Motor & Motor Vent-X Technology (3 Stainless Steel Jars, Black & Grey)"
2024,June,B0CF2JY55M,Crompton,3,3740,7100,Crompton DuroElite Plus 800 W Mixer Grinder with 4 Jars (3 Stainless Steel Jars+ 1.5L Juicer Jar with Fruit Filter)| Heavy Duty Powertron Motor & Motor Vent-X Technology |Blue
2024,June,B0CVNJW1G9,DHANVI AquaFresh,3,11398,33998,DHANVI AquaFresh (ISI APPROVED) RO Water Purifier with RO+ UV+COPPER + TDS Controller | 10 Liter | Fully Automatic Function White Color Best For Home and Office MADE IN INDIA
2024,August,B0CVNJW1G9,DHANVI AquaFresh,2,5399,16999,DHANVI AquaFresh (ISI APPROVED) RO Water Purifier with RO+ UV+COPPER + TDS Controller | 10 Liter | Fully Automatic Function White Color Best For Home and Office MADE IN INDIA
2024,September,B0CVNJW1G9,DHANVI AquaFresh,3,5399,16999,DHANVI AquaFresh (ISI APPROVED) RO Water Purifier with RO+ UV+COPPER + TDS Controller | 10 Liter | Fully Automatic Function White Color Best For Home and Office MADE IN INDIA
2024,June,B0CR1V6527,DHANVI AquaFresh,3,5099,15999,DHANVI AquaFresh (ISI APPROVED) Water Purifier 10 Litre Copper + RO + UV Water Purifier Machine (With Free Pre Filter) MADE IN INDIA
2024,June,B082GW1QNN,DIGISMART,3,1649,4290,DigiSmart Kitchen Mate 750 Watt Mixer Grinder with 4 Jars Comes With 2 Year Warranty (Grey and Black)
2024,June,B0C74DWN9T,DIGISMART,3,1099,2999,DIGISMART Nutri Mixer Grinder With 2 Jar | 500 Watt | Long Lasting Shock Proof Abs Body | Heavy Duty Motor Multi Purpose Blade Come With 1 Years Warranty (Blue)
2024,August,B0D2XPV266,Faber,1,10990,18490,"Faber Copper Guard (RO+UV+UF+Alkaline+Copper)|7L Storage|9 Stage Filtration Pre & Post Carbon|Upto 2500 TDS|Tank Full, Power,Purification Indicator|Borewell,Tank & Municipal Water|1y Warranty by Faber"
2024,August,B0CHF2Y2GS,Faber,2,6490,14990,"Faber CUV 8000 Water Purifier | UV+UF+Cu Guard |7L Tank, 7 Stage Filtration, Pre & Post Carbon| Not Suitable for Borewell/Tanker Water| Pressure & Purification Indicator | Upto 200 TDS | (Black)"
2024,June,B08KFRFSP9,Faber,3,10200,20490,"Faber Neutron pro RO + UV + MAT +Copper Guard + PH Enhancer, 10lts, Suitable Upto 2500 TDS"
2024,June,B07R27J1YS,Hamilton Beach Professional,3,19990,30000,"Hamilton Beach Professional Juicer Mixer Grinder 58770-IN, 1400 Watt Rated Motor, Triple Overload Protection, 3 Stainless Steel Leakproof Jars, Triple Safety Protection, Intelligent Controls, Black"
2024,June,B0B4981KGD,Havells,1,7998,15999,"Havells AQUAS Water Purifier (White and Blue), RO+UF, Copper+Zinc+Minerals, 5 stage Purification, 7L Tank, Suitable for Borwell, Tanker & Municipal Water"
2024,August,B0B4981KGD,Havells,1,8049,15999,"Havells AQUAS Water Purifier (White and Blue), RO+UF, Copper+Zinc+Minerals, 5 stage Purification, 7L Tank, Suitable for Borwell, Tanker & Municipal Water"
2024,September,B0B4981KGD,Havells,1,7899,17499,"Havells AQUAS Water Purifier (White and Blue), RO+UF, Copper+Zinc+Minerals, 5 stage Purification, 7L Tank, Suitable for Borwell, Tanker & Municipal Water"
2024,June,B0872HNF94,Havells,2,2549,4695,"Havells Capture 500W 3 Jar Mixer Grinder, High Speed 21000 RPM Motor, 304 SS Blades, 5 Years Motor Warranty with Overload Protector, 1.5 Ltr Bigger Size Blending Jar I (Grey & Green)"
2024,June,B0CKVLCMJZ,Havells,2,12900,25000,"Havells Delite Kop'ere Water Purifier (Black), RO+UV+pH Balance, 7 Stages, 6.5L Stainless Steel Tank,Copper+Zinc+Minerals, Suitable for Borwell, Tanker & Municipal Water"
2024,August,B0CKVLCMJZ,Havells,3,12950,25000,"Havells Delite Kop'ere Water Purifier (Black), RO+UV+pH Balance, 7 Stages, 6.5L Stainless Steel Tank,Copper+Zinc+Minerals, Suitable for Borwell, Tanker & Municipal Water"
2024,September,B0CKVLCMJZ,Havells,2,12990,28500,"Havells Delite Kop'ere Water Purifier (Black), RO+UV+pH Balance, 7 Stages, 6.5L Stainless Steel Tank,Copper+Zinc+Minerals, Suitable for Borwell, Tanker & Municipal Water"
2024,September,B0CKVLCMJZ,Havells,3,12990,28500,"Havells Delite Kop'ere Water Purifier (Black), RO+UV+pH Balance, 7 Stages, 6.5L Stainless Steel Tank,Copper+Zinc+Minerals, Suitable for Borwell, Tanker & Municipal Water"
2024,June,B0BYZV211V,Havells,1,3299,6190,"Havells ESO 750 watts 3 JAR Mixer Grinder, 304 SS Blades, High Speed 21000 RPM motor, Heavy and Wider mouth SS Jars, All Jars with Handle, 2 Year Product & 5 Year Motor Warranty (Teal) | ABS"
2024,June,B0BYZV211V,Havells,3,3299,6190,"Havells ESO 750 watts 3 JAR Mixer Grinder, 304 SS Blades, High Speed 21000 RPM motor, Heavy and Wider mouth SS Jars, All Jars with Handle, 2 Year Product & 5 Year Motor Warranty (Teal) | ABS"
2024,June,B08DNVZN36,Havells,1,9998,21229,"Havells Fab Alkaline Water Purifier (White & Sky Blue), RO+UV+Alkaline, Filter Alert, Copper+Zinc+Minerals, 7 Stage Purification, 7L Tank, Suitable for Borwell, Tanker & Municipal Water"
2024,August,B08DNVZN36,Havells,1,10499,21229,"Havells Fab Alkaline Water Purifier (White & Sky Blue), RO+UV+Alkaline, Filter Alert, Copper+Zinc+Minerals, 7 Stage Purification, 7L Tank, Suitable for Borwell, Tanker & Municipal Water"
2024,September,B08DNVZN36,Havells,2,9999,21229,"Havells Fab Alkaline Water Purifier (White & Sky Blue), RO+UV+Alkaline, Filter Alert, Copper+Zinc+Minerals, 7 Stage Purification, 7L Tank, Suitable for Borwell, Tanker & Municipal Water"
2024,June,B09DLK4LKX,Havells,3,8998,20418,"Havells Fab Water Purifier (White & Grey), RO+UV, Filter alert, Patented corner mounting, Copper+Zinc+pH Balance+Minerals, 7 stage Purification, 7L, Suitable for Borwell, Tanker & Municipal Water"
2024,August,B09DLK4LKX,Havells,2,7999,20418,"Havells Fab Water Purifier (White & Grey), RO+UV, Filter alert, Patented corner mounting, Copper+Zinc+pH Balance+Minerals, 7 stage Purification, 7L, Suitable for Borwell, Tanker & Municipal Water"
2024,September,B09DLK4LKX,Havells,2,7999,20418,"Havells Fab Water Purifier (White & Grey), RO+UV, Filter alert, Patented corner mounting, Copper+Zinc+pH Balance+Minerals, 7 stage Purification, 7L, Suitable for Borwell, Tanker & Municipal Water"
2024,June,B0CJR4LQ9V,Havells,3,19999,37000,"Havells Gracia FAB Alkaline Water Purifier (Black), RO+UV+Alkaline, Hot, Warm & Ambient Water, Copper+Zinc+Minerals, 8 Stage Purification, 6.5L SS Tank, Suitable for Borwell, Tanker & Municipal Water"
2024,September,B0CJR4LQ9V,Havells,3,21613,37000,"Havells Gracia FAB Alkaline Water Purifier (Black), RO+UV+Alkaline, Hot, Warm & Ambient Water, Copper+Zinc+Minerals, 8 Stage Purification, 6.5L SS Tank, Suitable for Borwell, Tanker & Municipal Water"
2024,June,B0CV9RL1YK,Havells,1,5998,8995,"Havells Hydro Plus 1000 watt 4 Jar Mixer Grinder with Ball Bearing Motor, 22000 RPM, Wider mouth Stainless Steel Jar, Hands Free operation, SS-304 Grade Blade & 2 Yr Manufacturer Warranty"
2024,June,B0B6JGJQ3L,Havells,2,7461,11995,"Havells Klassic 1000 watts 4 Jar Mixer Grinder I 2.5 Kg Double Ball Bearing Copper Motor I 22000 RPM I 100 Minutes Run Time I Metal Teeth Coupler & Jar Base I Polycarbonate Jar, Lids with Lock (Grey)"
2024,June,B0CG3HC84R,Havells,2,2844,4395,Havells Retro Nutri-Xl 500 Watts 3 Jar Mixer Grinder|21000Rpm| RoHS Complaint | 600Ml Nutri Jar with Sipper Lid | 1L Dry/Wet Grinding Jar |2Yr Product & 5Yr Motor Manufacturer Warranty (Black)
2024,June,B07QSQZXGN,hindware smart appliances,3,6949,15599,"Hindware Elara Reverse Osmosis + RO+UV+UF+Mineral Fortification Water Purifier, 7 Litre (White & Black)"
2024,June,B08B27R8MP,HUL Pureit,2,9790,18850,HUL Pureit Advanced Pro Mineral RO+UV 6 stage wall mounted counter top black 7L Water Purifier
2024,August,B08B27R8MP,Pureit,2,9290,18850,HUL Pureit Advanced Pro Mineral RO+UV 6 stage wall mounted counter top black 7L Water Purifier
2024,September,B08B27R8MP,Pureit,2,9290,18850,HUL Pureit Advanced Pro Mineral RO+UV 6 stage wall mounted counter top black 7L Water Purifier
2024,June,B07MWBVTLP,HUL Pureit,1,20990,32350,HUL Pureit Copper+ Mineral RO + UV + MF 7 stage Table top / Wall Mountable Black & Copper 8 litres Water Purifier
2024,August,B08BJN4MP3,Pureit,1,23998,49700,HUL Pureit Eco Water Saver Mineral RO+UV+MF AS wall mounted/Counter top Black 10L | Upto 60% Water Savings | Water Purifier
2024,September,B08BJN4MP3,Pureit,1,25998,49700,HUL Pureit Eco Water Saver Mineral RO+UV+MF AS wall mounted/Counter top Black 10L | Upto 60% Water Savings | Water Purifier
2024,June,B08BJN4MP3,HUL Pureit,1,25998,49700,HUL Pureit Eco Water Saver Mineral RO+UV+MF AS wall mounted/Counter top Black 10L Water Purifier
2024,August,B0D2HNGRYM,Pureit,3,8099,13499,"HUL Pureit Marina Plus Mineral RO+UV 6 stage 7L Wall mount Up to 45% Water Savings Suitable for Borewell, Tanker & Muncipal Water (Blue & white)"
2024,September,B0D2HNGRYM,Pureit,3,8299,13499,"HUL Pureit Marina Plus Mineral RO+UV 6 stage 7L Wall mount Up to 45% Water Savings Suitable for Borewell, Tanker & Muncipal Water (Blue & white)"
2024,June,B0D2HMTFXQ,HUL Pureit,2,7799,11999,"HUL Pureit Marina Prime Mineral RO+MF 6 stage 7L Wall mount Up to 45% Water Savings Suitable for Borewell, Tanker & Muncipal Water (Blue & white)"
2024,August,B0D2HMTFXQ,Pureit,2,7499,11999,"HUL Pureit Marina Prime Mineral RO+MF 6 stage 7L Wall mount Up to 45% Water Savings Suitable for Borewell, Tanker & Muncipal Water (Blue & white)"
2024,September,B0D2HMTFXQ,Pureit,2,7499,11999,"HUL Pureit Marina Prime Mineral RO+MF 6 stage 7L Wall mount Up to 45% Water Savings Suitable for Borewell, Tanker & Muncipal Water (Blue & white)"
2024,September,B0D2DQ64MM,Pureit,2,9490,14999,"HUL Pureit Marina Pro Mineral RO+UV LED in-tank 7 stage 7L Wall mount | Up to 45% Water Savings | Suitable for Borewell, Tanker & Muncipal Water (Blue & white)"
2024,August,B0C623ZBLH,Pureit,1,16990,25999,HUL Pureit Revito Mineral RO+MF+UV in-Tank 7 stage 8L |Upto 70% Water Savings| 3 Year Warranty | Water purifier (Magenta) upto 8000 Litre RO Life
2024,August,B0C623ZBLH,Pureit,3,16990,25999,HUL Pureit Revito Mineral RO+MF+UV in-Tank 7 stage 8L |Upto 70% Water Savings| 3 Year Warranty | Water purifier (Magenta) upto 8000 Litre RO Life
2024,September,B0C623ZBLH,Pureit,2,16990,25999,HUL Pureit Revito Mineral RO+MF+UV in-Tank 7 stage 8L |Upto 70% Water Savings| Water purifier (Magenta) upto 8000 Litre RO Life
2024,June,B0C623ZBLH,HUL Pureit,1,16990,25999,HUL Pureit Revito Mineral RO+MF+UV in-Tank 7 stage 8L |Upto 70% Water Savings| Water purifier with DURAViva technology (Magenta)
2024,June,B0C623ZBLH,HUL Pureit,3,16990,25999,HUL Pureit Revito Mineral RO+MF+UV in-Tank 7 stage 8L |Upto 70% Water Savings| Water purifier with DURAViva technology (Magenta)
2024,June,B0C5Y1P38P,HUL Pureit,2,17990,27499,HUL Pureit Revito Prime Mineral RO+MF+UV in-Tank 7 stage 8L |Upto 70% Water Savings| Water purifier with DURAViva technology (Black)
2024,September,B0C5Y1P38P,Pureit,1,17990,27499,HUL Pureit Revito Prime Mineral RO+MF+UV in-Tank 7 stage 8L |Upto 70% Water Savings| Water purifier with DURAViva technology (Black)
2024,August,B00I8QV2VY,Pureit,3,15990,24690,HUL Pureit Ultima Mineral RO + UV + MF 7 stage Table top / wall mountable Black 10 litres Water Purifier
2024,June,B0B8TBZFHG,HUL Pureit,2,13999,21199,"HUL Pureit Vital Plus Mineral RO+UV+MP 6 Stage, 7L |Upto 60% Water Savings| Wall mount Water Purifier with FiltraPower technology (Black)"
2024,August,B0B8XNLMWW,Pureit,1,11999,21119,"HUL Pureit Vital Plus Mineral RO+UV+MP 6 Stage, 7L |Upto 60% Water Savings|Wall mount Water Purifier with FiltraPower technology (White)"
2024,September,B0B8XNLMWW,Pureit,2,11999,21119,"HUL Pureit Vital Plus Mineral RO+UV+MP 6 Stage, 7L |Upto 60% Water Savings|Wall mount Water Purifier with FiltraPower technology (White)"
2024,September,B0C1Z3P4SC,Pureit,1,14990,23999,"HUL Pureit Vital Pro Mineral RO+MF+UV in-Tank 7 Stage, 7L |Upto 60% Water Savings|Wall mount Water Purifier with FiltraPower technology (Black)"
2024,June,B00GX91YA2,KENT,3,2698,3400,KENT 11018 Gold Star Gravity-based Water Purifier 22 L | Smart Design | High Storage Capacity | Activated Carbon Filter
2024,August,B00GX91YA2,KENT,2,2698,3400,KENT 11018 Gold Star Gravity-based Water Purifier 22 L | Smart Design | High Storage Capacity | Activated Carbon Filter
2024,September,B00GX91YA2,KENT,2,2699,1350,KENT 11018 Gold Star Gravity-based Water Purifier 22 L | Smart Design | High Storage Capacity | Activated Carbon Filter
2024,June,B0085KK9OY,KENT,3,2848,3400,KENT Gold Gravity Water Purifier (11014) | UF Technology Based | Non-Electric & Chemical Free | Counter Top | 20L Storage | White
2024,August,B0085KK9OY,KENT,3,2849,3400,KENT Gold Gravity Water Purifier (11014) | UF Technology Based | Non-Electric & Chemical Free | Counter Top | 20L Storage | White
2024,June,B009DA69W6,KENT,1,1748,2000,KENT Gold Optima Gravity Water Purifier (11016) | UF Technology Based | Non-Electric & Chemical Free | Counter Top | 10L Storage | White
2024,August,B009DA69W6,KENT,1,1749,437,KENT Gold Optima Gravity Water Purifier (11016) | UF Technology Based | Non-Electric & Chemical Free | Counter Top | 10L Storage | White
2024,September,B009DA69W6,KENT,1,1749,437,KENT Gold Optima Gravity Water Purifier (11016) | UF Technology Based | Non-Electric & Chemical Free | Counter Top | 10L Storage | White
2024,August,B09CGQ6FCK,KENT,1,13999,19500,KENT Grand RO Water Purifier | 4 Years Free Service | RO + UV LED + UF + TDS Control | ISI Marked | Extra 1000 Off on Exchange | 8L Tank | 20 LPH Flow | White
2024,September,B09CGQ6FCK,KENT,1,13999,19500,KENT Grand RO Water Purifier | 4 Years Free Service | RO + UV LED + UF + TDS Control | ISI Marked | Extra 1000 Off on Exchange | 8L Tank | 20 LPH Flow | White
2024,June,B09F2FW4ZK,KENT,1,17448,23000,"KENT Supreme Alkaline RO Water Purifier | 4 Years Free Service | ISI & NSF Certified | RO + UV + UF + Alkaline + TDS Control + UV LED in Tank | 8L Tank | 20 LPH Purification, White"
2024,September,B0CB8KG44H,KENT,3,17949,23500,KENT Supreme Alkaline RO Water Purifier | INR 1000 Off on Exchange | 4 Years Free Service | ISI Marked | Multiple Purification Process | RO+UV+UF+Alkaline+TDS Control + UV LED Tank | 8L Tank | Black
2024,August,B09FK9R6Z7,KENT,2,17449,21000,KENT Supreme Copper RO Water Purifier | INR 1000 Off on Exchange | 4 Years Free Service | ISI Marked | Multiple Purification Process | RO + UV + UF + Copper + TDS Control + UV LED Tank | 8L Tank
2024,September,B09FK9R6Z7,KENT,3,17449,23000,KENT Supreme Copper RO Water Purifier | INR 1000 Off on Exchange | 4 Years Free Service | ISI Marked | Multiple Purification Process | RO + UV + UF + Copper + TDS Control + UV LED Tank | 8L Tank
2024,September,B0D3HWQFHQ,KENT,2,17949,25000,KENT Supreme Copper RO Water Purifier | INR 1000 Off on Exchange | 4 Years Free Service | ISI Marked | Multiple Purification Process | RO + UV + UF + Copper + TDS Control + UV LED Tank |8L Tank |Black
2024,June,B01HXUJB2W,KENT,2,7499,10000,KENT Ultra Storage UV Water Purifier (11042) | UV+UF Water Purification | Wall Mountable | 8L Storage | 60 L/hr Output | White
2024,June,B09GLVM5ZD,Kinsco,2,4599,20000,Kinsco Aqua Flame 15 Litre Copper + RO + UV + UF + TDS Adjuster Pure Copper Water Purifier Dispenser Machine (With Free Pre Filter)
2024,August,B09GLVM5ZD,Kinsco,2,4199,20000,Kinsco Aqua Flame 15 Litre Copper + RO + UV + UF + TDS Adjuster Pure Copper Water Purifier Dispenser Machine (With Free Pre Filter)
2024,September,B09GLVM5ZD,Kinsco,2,4699,20000,Kinsco Aqua Flame 15 Litre Copper + RO + UV + UF + TDS Adjuster Pure Copper Water Purifier Dispenser Machine (With Free Pre Filter)
2024,June,B0CZS44SWJ,Kinsco,3,4799,20000,Kinsco Aqua Flame 18 Litre Copper RO Water Purifier - RO + UV + UF + TDS + Copper Technology (Black)
2024,June,B09GLW2F7L,Kinsco,1,4699,20000,Kinsco Aqua Punch 15 Litre Copper + RO + UV + UF + TDS Adjuster Pure Copper Water Purifier Dispenser Machine (With Free Pre Filter)
2024,August,B09GLW2F7L,Kinsco,1,3799,20000,"Kinsco Aqua Punch 15 Litre Copper + RO + UV + UF + TDS Adjuster Pure Copper Water Purifier Dispenser Machine, Black (With Free Pre Filter)"
2024,September,B09GLW2F7L,Kinsco,1,4599,20000,"Kinsco Aqua Punch 15 Litre Copper + RO + UV + UF + TDS Adjuster Pure Copper Water Purifier Dispenser Machine, Black (With Free Pre Filter)"
2024,August,B0D2L1BTBG,Kinsco,3,3799,20000,"Kinsco Aqua Punch+ Zinc Copper and Alkaline 15L RO + UV + UF Water Purifier (Black) with Copper Guard, pH Enhancer, and Pre-filter - 1-Year Warranty"
2024,September,B0D2L1BTBG,Kinsco,3,4199,20000,"Kinsco Aqua Punch+ Zinc Copper and Alkaline 15L RO + UV + UF Water Purifier (Black) with Copper Guard, pH Enhancer, and Pre-filter - 1-Year Warranty"
2024,June,B07D5J2HP6,LG,3,19890,25990,"LG WW140NP 8L Stainless Steel Tank - RO+ Mineral Booster, Filter Change Indicator, Pre-Sediment Filter Free, Multi Stage Filtration, Digital Sterilizing Care (Black, Wall Mount)"
2024,June,B09X5C9VLK,Lifelong,1,1298,3500,"Lifelong Mixer Grinder for Kitchen - 3 Jars 500 Watt Mixie - Chutney Jar, Dry Grinder Jar & Liquidizing Jar used as Wet Grinder & Blender for Milkshake, Smoothie, Puree -Stainless Steel Blades(LLMG23)"
2024,September,B0B25FN9GX,Livpure,1,12437,17990,"Livpure Bolt+ Copper with 80% Water Savings, Copper+RO+In-Tank UV+Mineraliser+, 7 L tank, Water Purifier for home, (Grey) Suitable for Municipal, Tanker, Borewell water"
2024,June,B0C7QTFC5D,Livpure,2,10999,18990,"Livpure Bolt+ Star, 80% Water Savings, RO+In Tank UV+UF+Min+Copper+ 7 L Tank, Water Purifier for home, (Black) Suitable for Municipal, Tanker, Borewell water"
2024,September,B0C7QTFC5D,Livpure,2,11349,18990,"Livpure Bolt+ Star, 80% Water Savings, RO+In Tank UV+UF+Min+Copper+ 7 L Tank, Water Purifier for home, (Black) Suitable for Municipal, Tanker, Borewell water"
2024,September,B0C7QTFC5D,Livpure,3,11349,18990,"Livpure Bolt+ Star, 80% Water Savings, RO+In Tank UV+UF+Min+Copper+ 7 L Tank, Water Purifier for home, (Black) Suitable for Municipal, Tanker, Borewell water"
2024,September,B074FRSGY9,Livpure,1,6499,11999,"Livpure Glo Lite RO+UF+Carbon Filter- 7 L Storage, Water Purifier for Home, Suitable for Borewell, Tanker, Municipal Water (White)"
2024,August,B09X1P3J6G,Livpure,1,8199,15500,"Livpure GLO PRO++ RO+UV+UF | Water Purifier for Home - 7 L Storage | Free Service Plan Worth INR 2500 | Suitable for Borewell, Tanker, Municipal Water | Black"
2024,June,B09X1P3J6G,Livpure,1,7599,15500,"Livpure GLO PRO++ RO+UV+UF, Water Purifier for Home - 7 L Storage, Suitable for Borewell, Tanker, Municipal Water (Black)"
2024,August,B0CY5N42JG,Livpure,2,10499,18490,Livpure Glo Star Copper Water Purifier | Free Service Plan Worth INR 2500 | 8 Stage Advanced Purification | RO+UV+UF Copper | Mineraliser | In Tank UV Sterilisation | 7L Storage Capacity | Black
2024,September,B0CY5N42JG,Livpure,2,10499,18490,Livpure Glo Star Copper Water Purifier | Free Service Plan Worth INR 2500 | 8 Stage Advanced Purification | RO+UV+UF Copper | Mineraliser | In Tank UV Sterilisation | 7L Storage Capacity | Black
2024,August,B0BNNPQXCB,Livpure,3,12349,16990,"Livpure Pep Pro Grand RO+UV+Mineraliser+Copper, 15 LPH Water Purifier | Suitable for Borewell, Tanker, Municipal Water - 7 L Storage Tank, Black"
2024,June,B0CQMDFWQF,LONGWAY,2,1399,3699,"Longway Reo 550 Watt Mixer Grinder with 4 Jars for Grinding, Mixing, Blending, Juicing with Powerful Motor | 1 Year Warranty | (Black & Gray,4 Jars)"
2024,June,B0C24NDQK4,LONGWAY,1,1099,2699,"Longway Sage 500 Watt Juicer Mixer Grinder with 2 Jars for Grinding, Mixing, Juicing with Powerful Motor | 1 Year Warranty | (Gray & Black, 2 Jars)"
2024,June,B0C33FLXJJ,LONGWAY,1,1479,3899,"Longway Super Dlx 750 Watt Juicer Mixer Grinder with 4 Jars for Grinding, Mixing, Juicing with Powerful Motor | 1 Year Warranty | (Black & Gray, 4 Jars)"
2024,June,B0BWTCLMBD,None,2,1799,3399,"Maharaja Whiteline 500W Livo Pro Mixer Grinder with 3 Stainless Steel Jars with lid and 20,000 RPM Motor Speed (White & Cherry Red)"
2024,June,B074CKD5M4,Maharaja Whiteline,3,3199,5499,"Maharaja Whiteline Joy Elite Mixer Grinder with 4 Jars, Long Lasting Performance with 750 Watt Motor | Jar Flow Breaker | 5 Year Motor Warranty (Black & Grey)"
2024,June,B0D1VJY671,Maharaja Whiteline,3,1899,3399,Maharaja Whiteline Novamixx MX-277 Mixer Grinder With 3 Jars
2024,June,B08TWN3PB5,None,2,1599,3299,"Maharaja Whiteline Smart 1..2..3 Mixer Grinder with 2 Jars, Long Lasting Performance with 500 Watt Motor | Air Ventilation System | Jar Flow Breaker | 2 Year Motor Warranty (Blue)"
2024,June,B0CXJ6N5BT,MOONSTRUCK,3,1498,4999,"Moonstruck By Suprimo Powerful 750 Watt Star Purple 4 Jar Mixer Grinder With Nano Grinding Technology Mixie For Grinding, Juicing & Mixing With 2 Years Warranty (Classic Purple)"
2024,June,B0C86BDB1F,Morphy Richards,3,3499,8495,Morphy Richards Icon Superb 750 Watts Mixer Grinder| 4 Stainless Steel Mixer Jars Including Juicer Jar| 3-Speed Control With Pulse Effect Mixie| 1-Yr Warranty By Brand| Silver & Black
2024,June,B01M3SYQ7P,Orient Electric,1,1999,3690,Orient Electric 500W mixer grinder | Kitchen Kraft 500 MGKK50B3 with 3 SS jars | Longer life balanced coil motor | ABS body | Uniform grinding | 5 years motor warranty
2024,June,B01M3SYQ7P,Orient Electric,3,1999,3690,Orient Electric 500W mixer grinder | Kitchen Kraft 500 MGKK50B3 with 3 SS jars | Longer life balanced coil motor | ABS body | Uniform grinding | 5 years motor warranty
2024,June,B07T8BS1XY,Philips,3,2799,3695,"Philips HL7505/02 Mixer Grinder, 500W Endura Motor with rapid cool motor technology, 3 heavy duty and leak proof Jars"
2024,June,B0B9349P89,Philips,2,5999,8595,"Philips HL7703/00 1000 Watt Mixer Grinder Copper Motor, 4 Jar with 5 Year Warranty on Motor"
2024,June,B0B9349P89,Philips,3,5999,8595,"Philips HL7703/00 1000 Watt Mixer Grinder Copper Motor, 4 Jar with 5 Year Warranty on Motor"
2024,June,B01GZSQJPA,Philips,1,3699,5295,"Philips HL7756/01 750 Watt Mixer Grinder, 3 Stainless Steel Multipurpose Jars with 3 Speed Control and Pulse function (Black)"
2024,June,B0BSV42486,Philips,2,4399,6295,"Philips HL7759/00 Mixer Grinder, 750W Turbo Motor, 4 Jars (Black), Quick cool ventilation for longer motor life"
2024,June,B07GL1976K,Philips,3,7699,11995,"PHILIPS Mixer Grinder 3-in-1 750 Watt (Mixer Grinder + Juicer + Food Processor) 4 Jar, (HL7707/01)"
2024,June,B0D3DRQD9W,Pigeon,3,1699,3395,"Pigeon By Stovekraft Nutri Mixer 400 Watts |3 Jar|500ml,300ml|2 Blade|1 Year Warranty| Black"
2024,June,B0BWMMV15S,Pigeon,2,2499,5495,Pigeon by Stovekraft VIN Mixer Grinder Machine for Kitchen | 750 Watts | 4 MultiPurpose Jars for Juicing | Chutney Making | Dry Grinding | Wet Grinding | Mincing | Blender | Mixer | 2 Year Warranty
2024,June,B0188KPKB2,Preethi,2,3599,9455,"Preethi Blue Leaf Diamond MG-214 750 Watt Mixer Grinder with 3 Jars (Wet Grinding (1.5 litres) + Dry Grinding Jar (0.5 litre) + Chutney Jar (0.4 litre)Stainless steel), Blue/White"
2024,June,B09ZDVL7L8,Prestige,2,2099,3895,Prestige 500 Watts Orion Mixer Grinder with 3 Stainless Steel Jars |2 years warranty| Red & White
2024,June,B09WH7HN8X,Prestige,2,6980,10435,"Prestige Endura 1000W Mixer Grinder, 6 Jars (1500 ml, 1000 ml, 1500 ml, 450 ml) (Black, Silver)"
2024,June,B0756K5DYZ,Prestige,1,2899,5295,Prestige Iris 750 Watt Mixer Grinder with 3 Stainless Steel Jar + 1 Juicer Jar (White and Blue)
2024,June,B0D45B9TB9,Prestige,2,2389,3445,Prestige Iris Nutri-Mix 350W Mixer Grinder with 2 Multipurpose Jars|Compact Design|Dual Safety Inter-Lock System|Extra Lids for Storage|Back & Grey
2024,June,B08CFJBZRK,Prestige,1,2999,6295,"Prestige Iris Plus 750 W Mixer Grinder With 4 Jars (3 Stainless Steel Jars+ 1 Juicer Jar) 4 Super Efficient Stainless Blades 2 Years Warranty Black, 750 watts"
2024,August,B0DCT1PKSQ,PROVEN,3,8499,29999,Proven Magnum Premium Water Purifier | Water Filter For Home Drinking | RO+UV+UF+TDS Adjuster | Copper Zinc Alkaline 3x Filtration Tech with smart LED Display | ISI Mark | Made In India
2024,August,B0DDBJ6LPP,PROVEN,3,5499,19999,"Proven Ultra Water Purifier, RO, UV, UF, Zinc, Copper, Alkaline | 3x Advanced Purification Tech | Balanced pH Levels | Water Purifier For Home Drinking | ISI/BIS Approved | Made In India"
2024,June,B0B7FJNSZR,PROVEN,2,5299,19990,Proven® ISI Mark ELEVEN Copper + Mineral RO+UV+UF 10 to 12 Liter RO + UV + TDS ADJUSTER Water Purifier with Copper Charge Technology black & copper Best For Home and Office (Made In India)
2024,August,B0B7FJNSZR,PROVEN,2,4899,19990,Proven® ISI Mark ELEVEN Copper + Mineral RO+UV+UF 10 to 12 Liter RO + UV + TDS ADJUSTER Water Purifier with Copper Charge Technology black & copper Best For Home and Office (Made In India)
2024,September,B0B7FJNSZR,PROVEN,1,4990,19990,Proven® ISI Mark ELEVEN Copper + Mineral RO+UV+UF 10 to 12 Liter RO + UV + TDS ADJUSTER Water Purifier with Copper Charge Technology black & copper Best For Home and Office (Made In India)
2024,June,B0CY71PC2K,PROVEN,3,6499,24990,Proven® Nexon ISI Approved Zinc Copper Alkaline Smart Urban Aqua with LED | 2500 TDS | RO+UV+UF+TDS Taste Adjuster | Water Purifier for Home | Made in India | Fully Automatic
2024,August,B0CY71PC2K,PROVEN,3,6499,24999,"Proven® Nexon ISI Mark Zinc Copper Alkaline Water Purifier For Home & Office with LED | 2500 TDS | RO+UV+UF+TDS Taste Adjuster | Suitable for Borewell, Tanker & Municipal Water | Made in India"
2024,June,B08GZ8YF5B,PROVEN,2,4549,19990,Proven® Pixer Copper Water Purifier with RO+UV+UF+TDS Adjuster | 12L Foodgrade ABS Water Tank | Best Water Purfier for Home & Office With Free Pre Filter (Made In India)
2024,August,B08GZ8YF5B,PROVEN,1,4149,19990,Proven® Pixer Copper Water Purifier with RO+UV+UF+TDS Adjuster | 12L Foodgrade ABS Water Tank | Best Water Purfier for Home & Office With Free Pre Filter (Made In India)
2024,August,B08GZ8XBCW,PROVEN,3,4499,19990,PROVEN® RO Water Purifier 7 Stage Protection RO+UV+TDS Adjuster Multi Stage Technology for Home and Office -15 Liter (Made In India).
2024,September,B0792Y3PCW,R.k. Aqua Fresh India,3,3999,15999,"R.k. Aqua Fresh India Premium Swift Plus RO Water Purifier UV, UF Alklaine,Copper,TDS 6 in 1 For Home Office Free Pre Filter Bowl (12 Liters Black) Work Upto 2500Tds Best For Home & Office"
2024,June,B092S5N2LP,ROYAL AQUAFRESH,3,3538,9999,ROYAL AQUAFRESH Fresh Epic RO + UV + UF + TDS 12 Liter Water Filter 14 Layer Electric Water Purifier Fully Automatic RO Wall Mountable For Home and Office (1 Year Warranty On Motor & SMPS) White
2024,September,B092S4338H,ROYAL AQUAFRESH,3,3685,9999,ROYAL AQUAFRESH Opel RO + UV + UF + TDS 18 liter Water Filter Electric Water Purifier Fully Automatic RO Wall Mountable For Home and Office (1 Year Warranty On Motor & SMPS) (Omega Opel)
2024,June,B00K57MR22,Sujata,3,6090,8919,"Sujata Dynamix 900 Watts Mixer Grinder | 22000 Rotations Per Min | 90 Minutes Continuous Running | 3 Versatile Jars 1500 ml, 1000 ml and 400 ml"
2024,August,B0D79G62J3,Native by UC,2,28998,38998,Urban Company Native M1 Water Purifier | Needs No Service For 2 Years | RO+UV+Copper+Alkaline | 10-Stage Purifier | 4-in-1 Health Booster | 8L Capacity | 2 Year Warranty (Filters Included)
2024,September,B0D79G62J3,Native by UC,2,14499,19499,Urban Company Native M1 Water Purifier | Needs No Service For 2 Years | RO+UV+Copper+Alkaline | 10-Stage Purifier | 4-in-1 Health Booster | 8L Capacity | 2 Year Warranty (Filters Included)
2024,June,B0CJNRKFY8,Native by UC,1,13499,17999,Urban Company Native M1 Water Purifier for Home | Needs no service for 2 Yrs | 9-stage filtration | RO+UV+UF+Alkaline with Taste Adjuster | 8L capacity | 2 year warranty (Filters included)
2024,June,B0CJNRKFY8,Native by UC,2,13499,17999,Urban Company Native M1 Water Purifier for Home | Needs no service for 2 Yrs | 9-stage filtration | RO+UV+UF+Alkaline with Taste Adjuster | 8L capacity | 2 year warranty (Filters included)
2024,August,B0D7HG2GZD,Native by UC,1,18499,26999,Urban Company Native M2 Water Purifier | Needs No Service for 2 Years | RO+UV+Copper+Alkaline |10-Stage Purifier | 4-in-1 Health Booster | Smart IoT Features | 8L Capacity | 2 Year Warranty
2024,August,B0D7HG2GZD,Native by UC,2,18499,26999,Urban Company Native M2 Water Purifier | Needs No Service for 2 Years | RO+UV+Copper+Alkaline |10-Stage Purifier | 4-in-1 Health Booster | Smart IoT Features | 8L Capacity | 2 Year Warranty
2024,September,B0D7HG2GZD,Native by UC,1,36998,53998,Urban Company Native M2 Water Purifier | Needs No Service for 2 Years | RO+UV+Copper+Alkaline |10-Stage Purifier | 4-in-1 Health Booster | Smart IoT Features | 8L Capacity | 2 Year Warranty
2024,June,B0CQ1R6JSG,USHA,3,5183,9290,USHA ICHEF 750 Watt Copper Motor Mixer Grinder with 3 SS Jars & Translucent blender PC Jar with fruit filter| Hands Free operation with Dual Safety Lock| 2 Yr Product & 5 Yrs Motor Warranty(White/BLK)
2024,June,B08MXJYB2V,USHA,2,2199,4590,"USHA Rapidmix 500-Watt Copper Motor Mixer Grinder With 3 Jars And 2 Years Product Warranty & 5 Years Motor Warranty (Sea Green/White), 500 Watt"
2024,June,B0C244WNH7,V-Guard,2,3199,5500,"V-Guard Ag 754 Juicer Mixer Grinder, Blue & Black / 4 Jars (3 Stainless Steel Jars + 1 Juicer Jar) / Shock-Proof Abs Body/Stable Anti-Skid Base/Overload Protection - 750 Watts"
2024,June,B0C4PQBB3Q,V-Guard,1,2999,5500,"V-Guard Brillio 750 Watt Juicer Mixer Grinder, 3 Year Motor Warranty, 4 Jars(Chutney, Dry, Wet & Juicer), Sturdy Juicer Jar with QuadraFlow Design, PrecisionBlend SS Blades, Mars Red Plastic"
2024,August,B09F6HZJTD,V-Guard,3,22998,42998,"V-Guard Rejive RO UV Water Purifier with Mineral & Alkaline 9 Stage Purification RO Membrane | Free Service Benefits Worth Rs. 2,450 | Suitable for water with TDS up to 2000 ppm | 6.5 Litre Blue Black"
2024,September,B09F6HZJTD,V-Guard,3,25998,42998,"V-Guard Rejive RO UV Water Purifier with Mineral & Alkaline 9 Stage Purification RO Membrane | Free Service Benefits Worth Rs. 2,450 | Suitable for water with TDS up to 2000 ppm | 6.5 Litre Blue Black"
2024,June,B0B5RMK28Q,V-Guard,3,11999,20549,"V-Guard Rejive Water Purifier RO UF Mineral and Alkaline with Stainless Steel Tank 8 Stage Purification | Free Service Benefits Worth Rs. 2,450 | Suitable for water with TDS up to 2000 ppm | 5 Litre"
2024,June,B07FJNNZCJ,V-Guard,1,8299,14649,"V-Guard Zenora RO UF Water Purifier | TDS up to 2000 ppm | 7 Stage Purification with World-class RO Membrane and Advanced UF Membrane | 7 Litre, Black"
2024,August,B07FJNNZCJ,V-Guard,1,7899,14649,"V-Guard Zenora RO UF Water Purifier | TDS up to 2000 ppm | 7 Stage Purification with World-class RO Membrane and Advanced UF Membrane | 7 Litre, Black"
2024,August,B07FJNNZCJ,V-Guard,3,7899,14649,"V-Guard Zenora RO UF Water Purifier | TDS up to 2000 ppm | 7 Stage Purification with World-class RO Membrane and Advanced UF Membrane | 7 Litre, Black"
2024,September,B07FJNNZCJ,V-Guard,1,8899,13049,"V-Guard Zenora RO UF Water Purifier | TDS up to 2000 ppm | 7 Stage Purification with World-class RO Membrane and Advanced UF Membrane | 7 Litre, Black"
2024,August,B08KFC9HR6,V-Guard,3,8799,16999,"V-Guard Zenora RO UV Water Purifier | Free Service Benefits Worth Rs. 2450 | 8 Stage Purification | PAN India Installation | 7 L, Black"
2024,September,B0DC6P41MR,AQUA NEEMA WATER PURIFER SYSTEM,2,3399,13499,"Water Purifier RO + In Tank UV + UF + Mineraliser 12L Storage, 15 LPH Water Purifier for Home, Suitable for Borewell, Tanker, Municipal Water Grand"
2024,September,B0CR15YBS9,WAVY,3,3989,18999,"Wavy® Ora (White) RO+UV+ZINC ALKALINE + TDS Advanced Multi Stage Water Purifiers with, Fully Automatic Water Purifier Ideal for Home, Kitchen, Office (Made In India) | FREE Pre Filter Kit |"
2024,June,B00W56GLOQ,Wonderchef,1,2399,5300,"Wonderchef Nutri-Blend, 22000 RPM Mixer-Grinder, Blender, SS Blades, 2 Unbreakable Jars, 2 Years Warranty, 500 W-Black, Includes Exclusive Recipe Book by Chef Sanjeev Kapoor"
2024,September,B0CZLPHW1Q,ZENPURE,3,3890,19990,Zenpure Foxy 15 Litre RO+UV+UF+ALKALINE+TDS Adjuster Pure Copper Water Purifier Dispenser Machine (With Free Pre Filter and TDS Meter)
